game_id,play_id,desc,play_type,qtr,quarter_seconds_remaining,game_seconds_remaining,total_home_score,total_away_score,home_team,away_team,season,week,season_type,down,ydstogo,yardline_100,posteam,home_wp,vegas_home_wp,home_wp_post
2023_12_JAX_HOU,1.0,GAME,,1.0,900.0,3600.0,0.0,0.0,HOU,JAX,2023,12,REG,,0.0,,,0.5462617874145508,0.4587773382663727,
2023_12_JAX_HOU,39.0,"10-B.McManus kicks 65 yards from JAX 35 to end zone, Touchback.",kickoff,1.0,900.0,3600.0,0.0,0.0,HOU,JAX,2023,12,REG,,0.0,35.0,HOU,0.5462617874145508,0.4587773382663727,0.5462617874145508
2023_12_JAX_HOU,55.0,(15:00) 7-C.Stroud pass short left to 3-T.Dell to HOU 41 for 16 yards (30-M.Brown).,pass,1.0,900.0,3600.0,0.0,0.0,HOU,JAX,2023,12,REG,1.0,10.0,75.0,HOU,0.5462617874145508,0.4587773382663727,0.5725733637809753
2023_12_JAX_HOU,80.0,(14:34) 7-C.Stroud pass short right to 47-A.Beck to HOU 42 for 1 yard (2-R.Jenkins).,pass,1.0,874.0,3574.0,0.0,0.0,HOU,JAX,2023,12,REG,1.0,10.0,59.0,HOU,0.5725733637809753,0.4542403817176819,0.5545365810394287
2023_12_JAX_HOU,105.0,(13:59) 26-D.Singletary right end to HOU 42 for no gain (33-D.Lloyd).,run,1.0,839.0,3539.0,0.0,0.0,HOU,JAX,2023,12,REG,2.0,9.0,58.0,HOU,0.5545365810394287,0.4596754312515259,0.518700361251831
2023_12_JAX_HOU,127.0,(13:16) (Shotgun) 7-C.Stroud scrambles left end ran ob at HOU 47 for 5 yards (44-T.Walker).,run,1.0,796.0,3496.0,0.0,0.0,HOU,JAX,2023,12,REG,3.0,9.0,58.0,HOU,0.518700361251831,0.42886850237846375,0.5024881362915039
2023_12_JAX_HOU,149.0,"(12:09) (Punt formation) PENALTY on HOU, Delay of Game, 6 yards, enforced at HOU 47 - No Play.",no_play,1.0,729.0,3429.0,0.0,0.0,HOU,JAX,2023,12,REG,4.0,4.0,53.0,HOU,0.5024881362915039,0.4122523367404938,0.49621284008026123
2023_12_JAX_HOU,177.0,"(11:56) 11-C.Johnston punts 46 yards to JAX 13, Center-46-J.Weeks, fair catch by 11-P.Washington.",punt,1.0,716.0,3416.0,0.0,0.0,HOU,JAX,2023,12,REG,4.0,10.0,59.0,HOU,0.49621284008026123,0.3856481909751892,0.5232098400592804
2023_12_JAX_HOU,197.0,(11:48) (Shotgun) 1-T.Etienne left end to JAX 19 for 6 yards (21-S.Nelson).,run,1.0,708.0,3408.0,0.0,0.0,HOU,JAX,2023,12,REG,1.0,10.0,87.0,JAX,0.5232098400592804,0.4168345332145691,0.5232978463172913
2023_12_JAX_HOU,226.0,(11:11) 16-T.Lawrence pass short middle to 17-E.Engram to JAX 40 for 21 yards (5-J.Pitre; 30-D.Houston-Carson).,pass,1.0,671.0,3371.0,0.0,0.0,HOU,JAX,2023,12,REG,2.0,4.0,81.0,JAX,0.5232978463172913,0.4181830883026123,0.4775656461715698
2023_12_JAX_HOU,251.0,"(10:39) (Shotgun) 1-T.Etienne up the middle to JAX 43 for 3 yards (52-J.Greenard, 39-H.To'oTo'o).",run,1.0,639.0,3339.0,0.0,0.0,HOU,JAX,2023,12,REG,1.0,10.0,60.0,JAX,0.4775656461715698,0.37159401178359985,0.48092150688171387
2023_12_JAX_HOU,273.0,(10:00) (Shotgun) 1-T.Etienne left tackle to JAX 44 for 1 yard (98-S.Rankins).,run,1.0,600.0,3300.0,0.0,0.0,HOU,JAX,2023,12,REG,2.0,7.0,57.0,JAX,0.48092150688171387,0.38155603408813477,0.5082912743091583
2023_12_JAX_HOU,295.0,(9:23) (Shotgun) 16-T.Lawrence pass short right to 7-Z.Jones to HOU 46 for 10 yards (24-D.Stingley).,pass,1.0,563.0,3263.0,0.0,0.0,HOU,JAX,2023,12,REG,3.0,6.0,56.0,JAX,0.5082912743091583,0.40545880794525146,0.45236456394195557
2023_12_JAX_HOU,320.0,"(8:44) 1-T.Etienne up the middle to HOU 47 for -1 yards (5-J.Pitre, 94-K.Davis).",run,1.0,524.0,3224.0,0.0,0.0,HOU,JAX,2023,12,REG,1.0,10.0,46.0,JAX,0.45236456394195557,0.3675004839897156,0.46972358226776123
2023_12_JAX_HOU,342.0,(8:05) (Shotgun) 16-T.Lawrence pass incomplete short left to 13-C.Kirk.,pass,1.0,485.0,3185.0,0.0,0.0,HOU,JAX,2023,12,REG,2.0,11.0,47.0,JAX,0.46972358226776123,0.3899075984954834,0.5034396946430206
2023_12_JAX_HOU,365.0,(8:00) (Shotgun) 16-T.Lawrence pass short right to 13-C.Kirk to HOU 29 for 18 yards (4-T.Thomas; 24-D.Stingley).,pass,1.0,480.0,3180.0,0.0,0.0,HOU,JAX,2023,12,REG,3.0,11.0,47.0,JAX,0.5034396946430206,0.41393375396728516,0.38637322187423706
2023_12_JAX_HOU,390.0,(7:24) (Shotgun) 1-T.Etienne left end to HOU 30 for -1 yards (39-H.To'oTo'o).,run,1.0,444.0,3144.0,0.0,0.0,HOU,JAX,2023,12,REG,1.0,10.0,29.0,JAX,0.38637322187423706,0.3187762498855591,0.41426748037338257
2023_12_JAX_HOU,412.0,(6:41) (Shotgun) 16-T.Lawrence pass incomplete short left to 17-E.Engram.,pass,1.0,401.0,3101.0,0.0,0.0,HOU,JAX,2023,12,REG,2.0,11.0,30.0,JAX,0.41426748037338257,0.3400282859802246,0.4436270594596863
2023_12_JAX_HOU,442.0,"(6:35) (Shotgun) 16-T.Lawrence pass short right to 1-T.Etienne to HOU 22 for 8 yards (30-D.Houston-Carson, 48-C.Harris).",pass,1.0,395.0,3095.0,0.0,0.0,HOU,JAX,2023,12,REG,3.0,11.0,30.0,JAX,0.4436270594596863,0.36129605770111084,0.43798500299453735
2023_12_JAX_HOU,467.0,"(5:58) 10-B.McManus 40 yard field goal is GOOD, Center-46-R.Matiscik, Holder-9-L.Cooke.",field_goal,1.0,358.0,3058.0,0.0,3.0,HOU,JAX,2023,12,REG,4.0,3.0,22.0,JAX,0.43798500299453735,0.3441559672355652,0.43841397762298584
2023_12_JAX_HOU,487.0,"10-B.McManus kicks 65 yards from JAX 35 to end zone, Touchback.",kickoff,1.0,354.0,3054.0,0.0,3.0,HOU,JAX,2023,12,REG,,0.0,35.0,HOU,0.43841397762298584,0.3400433361530304,0.43841397762298584
2023_12_JAX_HOU,510.0,"(5:54) 26-D.Singletary right tackle pushed ob at HOU 31 for 6 yards (30-M.Brown). PENALTY on HOU-69-S.Mason, Offensive Holding, 10 yards, enforced at HOU 25 - No Play.",no_play,1.0,354.0,3054.0,0.0,3.0,HOU,JAX,2023,12,REG,1.0,10.0,75.0,HOU,0.43841397762298584,0.3400433361530304,0.4119040071964264
2023_12_JAX_HOU,548.0,(5:32) (Shotgun) 7-C.Stroud pass short middle to 3-T.Dell to HOU 24 for 9 yards (33-D.Lloyd; 2-R.Jenkins).,pass,1.0,332.0,3032.0,0.0,3.0,HOU,JAX,2023,12,REG,1.0,20.0,85.0,HOU,0.4119040071964264,0.32082149386405945,0.40514135360717773
2023_12_JAX_HOU,573.0,(4:54) (Shotgun) 7-C.Stroud pass incomplete short middle to 3-T.Dell (33-D.Lloyd) [41-J.Allen].,pass,1.0,294.0,2994.0,0.0,3.0,HOU,JAX,2023,12,REG,2.0,11.0,76.0,HOU,0.40514135360717773,0.3166325092315674,0.37682443857192993
2023_12_JAX_HOU,596.0,(4:50) (Shotgun) 7-C.Stroud pass incomplete deep right to 3-T.Dell.,pass,1.0,290.0,2990.0,0.0,3.0,HOU,JAX,2023,12,REG,3.0,11.0,76.0,HOU,0.37682443857192993,0.29270195960998535,0.34303510189056396
2023_12_JAX_HOU,619.0,"(4:41) 11-C.Johnston punts 53 yards to JAX 23, Center-46-J.Weeks. 11-P.Washington pushed ob at JAX 45 for 22 yards (20-K.Hollman).",punt,1.0,281.0,2981.0,0.0,3.0,HOU,JAX,2023,12,REG,4.0,11.0,76.0,HOU,0.34303510189056396,0.26867425441741943,0.3343163728713989
2023_12_JAX_HOU,645.0,(4:24) 16-T.Lawrence pass incomplete short left to 1-T.Etienne [48-C.Harris]. JAX-74-C.Robinson was injured during the play. He is Out.,pass,1.0,264.0,2964.0,0.0,3.0,HOU,JAX,2023,12,REG,1.0,10.0,55.0,JAX,0.3343163728713989,0.2962050437927246,0.3484150171279907
2023_12_JAX_HOU,678.0,(4:19) (Shotgun) 16-T.Lawrence pass incomplete short right to 13-C.Kirk (4-T.Thomas).,pass,1.0,259.0,2959.0,0.0,3.0,HOU,JAX,2023,12,REG,2.0,10.0,55.0,JAX,0.3484150171279907,0.3039203882217407,0.38486647605895996
2023_12_JAX_HOU,708.0,(4:15) (Shotgun) 1-T.Etienne right end to JAX 49 for 4 yards (4-T.Thomas; 5-J.Pitre).,run,1.0,255.0,2955.0,0.0,3.0,HOU,JAX,2023,12,REG,3.0,10.0,55.0,JAX,0.38486647605895996,0.31784242391586304,0.3805543780326843
2023_12_JAX_HOU,730.0,"(3:42) 9-L.Cooke punts 42 yards to HOU 9, Center-46-R.Matiscik, out of bounds.",punt,1.0,222.0,2922.0,0.0,3.0,HOU,JAX,2023,12,REG,4.0,6.0,51.0,JAX,0.3805543780326843,0.34371668100357056,0.42090773582458496
2023_12_JAX_HOU,749.0,(3:34) (Shotgun) 31-D.Pierce up the middle to HOU 12 for 3 yards (2-R.Jenkins; 23-F.Oluokun).,run,1.0,214.0,2914.0,0.0,3.0,HOU,JAX,2023,12,REG,1.0,10.0,91.0,HOU,0.42090773582458496,0.32681652903556824,0.41480621695518494
2023_12_JAX_HOU,778.0,(2:56) (Shotgun) 7-C.Stroud scrambles left end to HOU 18 for 6 yards (33-D.Lloyd).,run,1.0,176.0,2876.0,0.0,3.0,HOU,JAX,2023,12,REG,2.0,7.0,88.0,HOU,0.41480621695518494,0.31620171666145325,0.42204776406288147
2023_12_JAX_HOU,800.0,(2:27) (No Huddle) 31-D.Pierce up the middle to HOU 19 for 1 yard (33-D.Lloyd; 37-T.Herndon).,run,1.0,147.0,2847.0,0.0,3.0,HOU,JAX,2023,12,REG,3.0,1.0,82.0,HOU,0.42204776406288147,0.32971322536468506,0.42745527625083923
2023_12_JAX_HOU,822.0,(1:43) 31-D.Pierce right end to HOU 21 for 2 yards (23-F.Oluokun).,run,1.0,103.0,2803.0,0.0,3.0,HOU,JAX,2023,12,REG,1.0,10.0,81.0,HOU,0.42745527625083923,0.3416178524494171,0.4134482443332672
2023_12_JAX_HOU,844.0,(1:01) (Shotgun) 7-C.Stroud sacked at HOU 14 for -7 yards (95-R.Robertson-Harris).,pass,1.0,61.0,2761.0,0.0,3.0,HOU,JAX,2023,12,REG,2.0,8.0,79.0,HOU,0.4134482443332672,0.3068991005420685,0.36607304215431213
2023_12_JAX_HOU,864.0,"(:20) (Shotgun) 7-C.Stroud pass deep middle to 3-T.Dell to JAX 24 for 62 yards (31-Dari.Williams). HOU-71-T.Howard was injured during the play. He is Out. PENALTY on HOU-3-T.Dell, Illegal Shift, 5 yards, enforced at HOU 14 - No Play.",no_play,1.0,20.0,2720.0,0.0,3.0,HOU,JAX,2023,12,REG,3.0,15.0,86.0,HOU,0.36607304215431213,0.2603914439678192,0.3514470160007477
2023_12_JAX_HOU,914.0,END QUARTER 1,,1.0,0.0,2700.0,0.0,3.0,HOU,JAX,2023,12,REG,,0.0,,HOU,0.3514470160007477,0.2528817653656006,
2023_12_JAX_HOU,941.0,(15:00) (Shotgun) 7-C.Stroud pass short right to 12-N.Collins to HOU 23 for 14 yards (31-Dari.Williams).,pass,2.0,900.0,2700.0,0.0,3.0,HOU,JAX,2023,12,REG,3.0,20.0,91.0,HOU,0.3514470160007477,0.2528817653656006,0.3541421592235565
2023_12_JAX_HOU,969.0,"(14:29) 11-C.Johnston punts 45 yards to JAX 32, Center-46-J.Weeks, fair catch by 11-P.Washington.",punt,2.0,869.0,2669.0,0.0,3.0,HOU,JAX,2023,12,REG,4.0,6.0,77.0,HOU,0.3541421592235565,0.24751920998096466,0.3551143407821655
2023_12_JAX_HOU,989.0,(14:22) (Shotgun) 1-T.Etienne left tackle to JAX 35 for 3 yards (94-K.Davis; 48-C.Harris).,run,2.0,862.0,2662.0,0.0,3.0,HOU,JAX,2023,12,REG,1.0,10.0,68.0,JAX,0.3551143407821655,0.31277501583099365,0.3567672371864319
2023_12_JAX_HOU,1011.0,(13:40) (Shotgun) 16-T.Lawrence pass short right to 1-T.Etienne to JAX 41 for 6 yards (48-C.Harris).,pass,2.0,820.0,2620.0,0.0,3.0,HOU,JAX,2023,12,REG,2.0,7.0,65.0,JAX,0.3567672371864319,0.315673291683197,0.3584710359573364
2023_12_JAX_HOU,1036.0,(12:56) (Shotgun) 25-D.Johnson up the middle to JAX 44 for 3 yards (98-S.Rankins; 52-J.Greenard).,run,2.0,776.0,2576.0,0.0,3.0,HOU,JAX,2023,12,REG,3.0,1.0,59.0,JAX,0.3584710359573364,0.3071364760398865,0.3318513035774231
2023_12_JAX_HOU,1058.0,(12:18) 4-T.Bigsby left guard to 50 for 6 yards (21-S.Nelson; 4-T.Thomas).,run,2.0,738.0,2538.0,0.0,3.0,HOU,JAX,2023,12,REG,1.0,10.0,56.0,JAX,0.3318513035774231,0.28763800859451294,0.3138148784637451
2023_12_JAX_HOU,1080.0,(11:41) 16-T.Lawrence pass short right to 25-D.Johnson to HOU 8 for 42 yards (48-C.Harris).,pass,2.0,701.0,2501.0,0.0,3.0,HOU,JAX,2023,12,REG,2.0,4.0,50.0,JAX,0.3138148784637451,0.29154837131500244,0.27833789587020874
2023_12_JAX_HOU,1105.0,(10:57) (Shotgun) 25-D.Johnson right guard to HOU 5 for 3 yards (51-W.Anderson; 53-B.Cashman).,run,2.0,657.0,2457.0,0.0,3.0,HOU,JAX,2023,12,REG,1.0,8.0,8.0,JAX,0.27833789587020874,0.20305484533309937,0.28539812564849854
2023_12_JAX_HOU,1127.0,"(10:15) (Shotgun) 1-T.Etienne up the middle to HOU 5 for no gain (51-W.Anderson). Penalty on JAX-13-C.Kirk, Illegal Shift, declined.",run,2.0,615.0,2415.0,0.0,3.0,HOU,JAX,2023,12,REG,2.0,5.0,5.0,JAX,0.28539812564849854,0.20603114366531372,0.2984180450439453
2023_12_JAX_HOU,1160.0,"(9:50) (Shotgun) 16-T.Lawrence pass incomplete short left to 7-Z.Jones (30-D.Houston-Carson). PENALTY on HOU-30-D.Houston-Carson, Defensive Pass Interference, 4 yards, enforced at HOU 5 - No Play.",no_play,2.0,590.0,2390.0,0.0,3.0,HOU,JAX,2023,12,REG,3.0,5.0,5.0,JAX,0.2984180450439453,0.2252182960510254,0.2556367516517639
2023_12_JAX_HOU,1183.0,"(9:44) 16-T.Lawrence up the middle for 1 yard, TOUCHDOWN.",run,2.0,584.0,2384.0,0.0,9.0,HOU,JAX,2023,12,REG,1.0,1.0,1.0,JAX,0.2556367516517639,0.18339145183563232,0.2406164283355814
2023_12_JAX_HOU,1218.0,"10-B.McManus extra point is GOOD, Center-46-R.Matiscik, Holder-9-L.Cooke.",extra_point,2.0,583.0,2383.0,0.0,10.0,HOU,JAX,2023,12,REG,,0.0,15.0,JAX,0.2406164283355814,0.16306986535141044,0.2396332174539566
2023_12_JAX_HOU,1233.0,"10-B.McManus kicks 65 yards from JAX 35 to end zone, Touchback.",kickoff,2.0,583.0,2383.0,0.0,10.0,HOU,JAX,2023,12,REG,,0.0,35.0,HOU,0.2396332174539566,0.16283388435840607,0.2396332174539566
2023_12_JAX_HOU,1256.0,(9:43) 7-C.Stroud pass deep right to 2-R.Woods to JAX 49 for 26 yards (5-A.Cisco).,pass,2.0,583.0,2383.0,0.0,10.0,HOU,JAX,2023,12,REG,1.0,10.0,75.0,HOU,0.2396332174539566,0.16283388435840607,0.2750927209854126
2023_12_JAX_HOU,1281.0,(9:03) (Shotgun) 7-C.Stroud scrambles left end to JAX 41 for 8 yards (41-J.Allen).,run,2.0,543.0,2343.0,0.0,10.0,HOU,JAX,2023,12,REG,1.0,10.0,49.0,HOU,0.2750927209854126,0.19665297865867615,0.28298938274383545
2023_12_JAX_HOU,1303.0,(8:18) (Shotgun) 7-C.Stroud pass short left to 26-D.Singletary to JAX 8 for 33 yards (23-F.Oluokun; 30-M.Brown).,pass,2.0,498.0,2298.0,0.0,10.0,HOU,JAX,2023,12,REG,2.0,2.0,41.0,HOU,0.28298938274383545,0.20465219020843506,0.35579267144203186
2023_12_JAX_HOU,1328.0,"(7:29) 26-D.Singletary up the middle to JAX 7 for 1 yard (96-A.Gotsis, 90-A.Blackson).",run,2.0,449.0,2249.0,0.0,10.0,HOU,JAX,2023,12,REG,1.0,8.0,8.0,HOU,0.35579267144203186,0.2569785714149475,0.3427610695362091
2023_12_JAX_HOU,1350.0,"(6:49) (Shotgun) 7-C.Stroud pass short middle to 3-T.Dell for 7 yards, TOUCHDOWN.",pass,2.0,409.0,2209.0,6.0,10.0,HOU,JAX,2023,12,REG,2.0,7.0,7.0,HOU,0.3427610695362091,0.24893368780612946,0.36216766485445606
2023_12_JAX_HOU,1371.0,"16-M.Ammendola extra point is GOOD, Center-46-J.Weeks, Holder-11-C.Johnston.",extra_point,2.0,397.0,2197.0,7.0,10.0,HOU,JAX,2023,12,REG,,0.0,15.0,HOU,0.36216766485445606,0.2993065893161573,0.36360007524490356
2023_12_JAX_HOU,1386.0,"16-M.Ammendola kicks 65 yards from HOU 35 to end zone, Touchback.",kickoff,2.0,397.0,2197.0,7.0,10.0,HOU,JAX,2023,12,REG,,0.0,35.0,JAX,0.36360007524490356,0.3003169298171997,0.36360007524490356
2023_12_JAX_HOU,1409.0,"(6:37) PENALTY on JAX-72-W.Little, False Start, 5 yards, enforced at JAX 25 - No Play.",no_play,2.0,397.0,2197.0,7.0,10.0,HOU,JAX,2023,12,REG,1.0,10.0,75.0,JAX,0.36360007524490356,0.3003169298171997,0.38423681259155273
2023_12_JAX_HOU,1433.0,"(6:37) 16-T.Lawrence pass short right to 89-L.Farrell to HOU 38 for 42 yards (24-D.Stingley, 30-D.Houston-Carson).",pass,2.0,397.0,2197.0,7.0,10.0,HOU,JAX,2023,12,REG,1.0,15.0,80.0,JAX,0.38423681259155273,0.32393521070480347,0.28967154026031494
2023_12_JAX_HOU,1458.0,(5:52) (Shotgun) 25-D.Johnson right end to HOU 34 for 4 yards (24-D.Stingley).,run,2.0,352.0,2152.0,7.0,10.0,HOU,JAX,2023,12,REG,1.0,10.0,38.0,JAX,0.28967154026031494,0.23594450950622559,0.2979414463043213
2023_12_JAX_HOU,1480.0,(5:13) (Shotgun) 25-D.Johnson up the middle to HOU 33 for 1 yard (48-C.Harris).,run,2.0,313.0,2113.0,7.0,10.0,HOU,JAX,2023,12,REG,2.0,6.0,34.0,JAX,0.2979414463043213,0.23747658729553223,0.31885725259780884
2023_12_JAX_HOU,1502.0,(4:34) (Shotgun) 16-T.Lawrence pass short left to 13-C.Kirk to HOU 25 for 8 yards (53-B.Cashman).,pass,2.0,274.0,2074.0,7.0,10.0,HOU,JAX,2023,12,REG,3.0,5.0,33.0,JAX,0.31885725259780884,0.25083762407302856,0.27499711513519287
2023_12_JAX_HOU,1527.0,(4:01) (Shotgun) 1-T.Etienne right end to HOU 31 for -6 yards (51-W.Anderson).,run,2.0,241.0,2041.0,7.0,10.0,HOU,JAX,2023,12,REG,1.0,10.0,25.0,JAX,0.27499711513519287,0.19833171367645264,0.31171882152557373
2023_12_JAX_HOU,1549.0,(3:17) (Shotgun) 1-T.Etienne right guard to HOU 30 for 1 yard (5-J.Pitre).,run,2.0,197.0,1997.0,7.0,10.0,HOU,JAX,2023,12,REG,2.0,16.0,31.0,JAX,0.31171882152557373,0.22490179538726807,0.3397234082221985
2023_12_JAX_HOU,1583.0,Timeout #1 by JAX at 02:33.,no_play,2.0,153.0,1953.0,7.0,10.0,HOU,JAX,2023,12,REG,,0.0,,,0.3397234082221985,0.2376123070716858,
2023_12_JAX_HOU,1571.0,(2:33) (Shotgun) 16-T.Lawrence pass incomplete deep left to 0-C.Ridley.,pass,2.0,153.0,1953.0,7.0,10.0,HOU,JAX,2023,12,REG,3.0,15.0,30.0,JAX,0.3397234082221985,0.2376123070716858,0.37326759099960327
2023_12_JAX_HOU,1601.0,"(2:28) 10-B.McManus 48 yard field goal is GOOD, Center-46-R.Matiscik, Holder-9-L.Cooke.",field_goal,2.0,148.0,1948.0,7.0,13.0,HOU,JAX,2023,12,REG,4.0,15.0,30.0,JAX,0.37326759099960327,0.26866012811660767,0.31257227063179016
2023_12_JAX_HOU,1621.0,"10-B.McManus kicks 65 yards from JAX 35 to end zone, Touchback.",kickoff,2.0,144.0,1944.0,7.0,13.0,HOU,JAX,2023,12,REG,,0.0,35.0,HOU,0.31257227063179016,0.23810957372188568,0.31257227063179016
2023_12_JAX_HOU,1644.0,(2:24) 31-D.Pierce left guard to HOU 29 for 4 yards (23-F.Oluokun; 44-T.Walker).,run,2.0,144.0,1944.0,7.0,13.0,HOU,JAX,2023,12,REG,1.0,10.0,75.0,HOU,0.31257227063179016,0.23810957372188568,0.3102729022502899
2023_12_JAX_HOU,1666.0,"(2:00) (Shotgun) 7-C.Stroud pass short middle to 26-D.Singletary to HOU 39 for 10 yards (23-F.Oluokun, 2-R.Jenkins).",pass,2.0,120.0,1920.0,7.0,13.0,HOU,JAX,2023,12,REG,2.0,6.0,71.0,HOU,0.3102729022502899,0.23250316083431244,0.3330342173576355
2023_12_JAX_HOU,1698.0,(1:30) (Shotgun) 7-C.Stroud pass short right to 26-D.Singletary pushed ob at HOU 38 for -1 yards (33-D.Lloyd).,pass,2.0,90.0,1890.0,7.0,13.0,HOU,JAX,2023,12,REG,1.0,10.0,61.0,HOU,0.3330342173576355,0.26808348298072815,0.30048543214797974
2023_12_JAX_HOU,1728.0,(1:24) (Shotgun) 7-C.Stroud pass deep right to 3-T.Dell to JAX 45 for 17 yards (30-M.Brown).,pass,2.0,84.0,1884.0,7.0,13.0,HOU,JAX,2023,12,REG,2.0,11.0,62.0,HOU,0.30048543214797974,0.25179117918014526,0.3662542998790741
2023_12_JAX_HOU,1753.0,"(1:00) (No Huddle, Shotgun) 7-C.Stroud pass short right to 86-D.Schultz pushed ob at JAX 43 for 2 yards (33-D.Lloyd).",pass,2.0,60.0,1860.0,7.0,13.0,HOU,JAX,2023,12,REG,1.0,10.0,45.0,HOU,0.3662542998790741,0.29915526509284973,0.34831979870796204
2023_12_JAX_HOU,1778.0,(:49) (Shotgun) 7-C.Stroud scrambles right end ran ob at JAX 32 for 11 yards (23-F.Oluokun).,run,2.0,49.0,1849.0,7.0,13.0,HOU,JAX,2023,12,REG,2.0,8.0,43.0,HOU,0.34831979870796204,0.2815884053707123,0.38251474499702454
2023_12_JAX_HOU,1805.0,(:42) (Shotgun) 7-C.Stroud pass short middle to 3-T.Dell to JAX 31 for 1 yard (30-M.Brown).,pass,2.0,42.0,1842.0,7.0,13.0,HOU,JAX,2023,12,REG,1.0,10.0,32.0,HOU,0.38251474499702454,0.31897488236427307,0.3744405508041382
2023_12_JAX_HOU,1842.0,Timeout #1 by HOU at 00:36.,no_play,2.0,36.0,1836.0,7.0,13.0,HOU,JAX,2023,12,REG,,0.0,,,0.3744405508041382,0.2924072742462158,
2023_12_JAX_HOU,1830.0,(:36) (Shotgun) 7-C.Stroud pass incomplete short right to 12-N.Collins.,pass,2.0,36.0,1836.0,7.0,13.0,HOU,JAX,2023,12,REG,2.0,9.0,31.0,HOU,0.3744405508041382,0.2924072742462158,0.3438868820667267
2023_12_JAX_HOU,1872.0,Timeout #2 by HOU at 00:31.,no_play,2.0,31.0,1831.0,7.0,13.0,HOU,JAX,2023,12,REG,,0.0,,,0.3438868820667267,0.25322577357292175,
2023_12_JAX_HOU,1860.0,"(:31) (Shotgun) 7-C.Stroud pass incomplete deep left to 3-T.Dell. The Replay Official reviewed the incomplete pass ruling, and the play was Upheld. The ruling on the field stands.",pass,2.0,31.0,1831.0,7.0,13.0,HOU,JAX,2023,12,REG,3.0,9.0,31.0,HOU,0.3438868820667267,0.25322577357292175,0.28501734137535095
2023_12_JAX_HOU,1897.0,"(:25) 16-M.Ammendola 50 yard field goal is No Good, Wide Right, Center-46-J.Weeks, Holder-11-C.Johnston.",field_goal,2.0,25.0,1825.0,7.0,13.0,HOU,JAX,2023,12,REG,4.0,9.0,31.0,HOU,0.28501734137535095,0.23091164231300354,0.20008277893066406
2023_12_JAX_HOU,1958.0,(:20) (Shotgun) 16-T.Lawrence pass short left to 89-L.Farrell to JAX 47 for 7 yards (4-T.Thomas).,pass,2.0,20.0,1820.0,7.0,13.0,HOU,JAX,2023,12,REG,1.0,10.0,60.0,JAX,0.20008277893066406,0.19073772430419922,0.20325571298599243
2023_12_JAX_HOU,1995.0,Timeout #2 by JAX at 00:14.,no_play,2.0,14.0,1814.0,7.0,13.0,HOU,JAX,2023,12,REG,,0.0,,,0.20325571298599243,0.1939653754234314,
2023_12_JAX_HOU,1983.0,(:14) (Shotgun) 16-T.Lawrence pass incomplete short left to 7-Z.Jones (21-S.Nelson).,pass,2.0,14.0,1814.0,7.0,13.0,HOU,JAX,2023,12,REG,2.0,3.0,53.0,JAX,0.20325571298599243,0.1939653754234314,0.22007763385772705
2023_12_JAX_HOU,2013.0,"(:10) (Shotgun) PENALTY on JAX-77-A.Harrison, False Start, 5 yards, enforced at JAX 47 - No Play.",no_play,2.0,10.0,1810.0,7.0,13.0,HOU,JAX,2023,12,REG,3.0,3.0,53.0,JAX,0.22007763385772705,0.2116047739982605,0.23510152101516724
2023_12_JAX_HOU,2037.0,(:10) (Shotgun) 16-T.Lawrence pass deep left to 13-C.Kirk pushed ob at HOU 1 for 57 yards (4-T.Thomas).,pass,2.0,10.0,1810.0,7.0,13.0,HOU,JAX,2023,12,REG,3.0,8.0,58.0,JAX,0.23510152101516724,0.21863502264022827,0.12164264917373657
2023_12_JAX_HOU,2079.0,Timeout #3 by JAX at 00:01.,no_play,2.0,1.0,1801.0,7.0,13.0,HOU,JAX,2023,12,REG,,0.0,,,0.12164264917373657,0.10175073146820068,
2023_12_JAX_HOU,2067.0,"(:01) 73-B.Hance and 69-T.Shatley reported in as eligible. 1-T.Etienne right end to HOU 1 for no gain (25-D.King, 53-B.Cashman).",run,2.0,1.0,1801.0,7.0,13.0,HOU,JAX,2023,12,REG,1.0,1.0,1.0,JAX,0.12164264917373657,0.10175073146820068,0.25751012563705444
2023_12_JAX_HOU,2100.0,END QUARTER 2,,2.0,0.0,1800.0,7.0,13.0,HOU,JAX,2023,12,REG,,0.0,,,0.25751012563705444,0.22161763906478882,
2023_12_JAX_HOU,2120.0,16-M.Ammendola kicks 69 yards from HOU 35 to JAX -4. 25-D.Johnson to JAX 16 for 20 yards (43-N.Hewitt).,kickoff,3.0,900.0,1800.0,7.0,13.0,HOU,JAX,2023,12,REG,,0.0,35.0,JAX,0.25751012563705444,0.22161763906478882,0.27138280868530273
2023_12_JAX_HOU,2143.0,(14:55) (Shotgun) 16-T.Lawrence pass incomplete short left.,pass,3.0,895.0,1795.0,7.0,13.0,HOU,JAX,2023,12,REG,1.0,10.0,84.0,JAX,0.27138280868530273,0.23025286197662354,0.28411656618118286
2023_12_JAX_HOU,2166.0,(14:49) (Shotgun) 16-T.Lawrence pass incomplete short left to 1-T.Etienne.,pass,3.0,889.0,1789.0,7.0,13.0,HOU,JAX,2023,12,REG,2.0,10.0,84.0,JAX,0.28411656618118286,0.2421557903289795,0.3067170977592468
2023_12_JAX_HOU,2189.0,(14:45) (Shotgun) 16-T.Lawrence pass short right to 0-C.Ridley pushed ob at JAX 27 for 11 yards (24-D.Stingley) [52-J.Greenard].,pass,3.0,885.0,1785.0,7.0,13.0,HOU,JAX,2023,12,REG,3.0,10.0,84.0,JAX,0.3067170977592468,0.25558072328567505,0.25751012563705444
2023_12_JAX_HOU,2214.0,"(14:16) (Shotgun) 1-T.Etienne up the middle to JAX 28 for 1 yard (56-K.Hyder; 48-C.Harris). PENALTY on JAX-72-W.Little, Illegal Formation, 5 yards, enforced at JAX 27 - No Play.",no_play,3.0,856.0,1756.0,7.0,13.0,HOU,JAX,2023,12,REG,1.0,10.0,73.0,JAX,0.25751012563705444,0.21449434757232666,0.27071064710617065
2023_12_JAX_HOU,2247.0,"(13:54) (Shotgun) 25-D.Johnson left guard to JAX 29 for 7 yards (55-J.Hughes, 48-C.Harris).",run,3.0,834.0,1734.0,7.0,13.0,HOU,JAX,2023,12,REG,1.0,15.0,78.0,JAX,0.27071064710617065,0.2294536828994751,0.27223891019821167
2023_12_JAX_HOU,2269.0,(13:13) (Shotgun) 16-T.Lawrence pass short left to 0-C.Ridley to JAX 43 for 14 yards (21-S.Nelson).,pass,3.0,793.0,1693.0,7.0,13.0,HOU,JAX,2023,12,REG,2.0,8.0,71.0,JAX,0.27223891019821167,0.21756196022033691,0.22193539142608643
2023_12_JAX_HOU,2294.0,(12:41) 1-T.Etienne left end to HOU 48 for 9 yards (21-S.Nelson).,run,3.0,761.0,1661.0,7.0,13.0,HOU,JAX,2023,12,REG,1.0,10.0,57.0,JAX,0.22193539142608643,0.19154411554336548,0.21835893392562866
2023_12_JAX_HOU,2316.0,(11:57) (Shotgun) 16-T.Lawrence pass short right intended for 17-E.Engram INTERCEPTED by 24-D.Stingley at HOU 40. 24-D.Stingley to JAX 46 for 14 yards (79-L.Fortner).,pass,3.0,717.0,1617.0,7.0,13.0,HOU,JAX,2023,12,REG,2.0,1.0,48.0,JAX,0.21835893392562866,0.17767179012298584,0.3722415268421173
2023_12_JAX_HOU,2343.0,(11:49) (Shotgun) 7-C.Stroud pass short left to 26-D.Singletary to JAX 40 for 6 yards (94-F.Fatukasi).,pass,3.0,709.0,1609.0,7.0,13.0,HOU,JAX,2023,12,REG,1.0,10.0,46.0,HOU,0.3722415268421173,0.29196932911872864,0.3778179883956909
2023_12_JAX_HOU,2375.0,"(11:28) (No Huddle, Shotgun) 7-C.Stroud pass short middle to 12-N.Collins to JAX 37 for 3 yards (23-F.Oluokun).",pass,3.0,688.0,1588.0,7.0,13.0,HOU,JAX,2023,12,REG,2.0,4.0,40.0,HOU,0.3778179883956909,0.31771257519721985,0.38349688053131104
2023_12_JAX_HOU,2400.0,(10:47) (Shotgun) 7-C.Stroud pass short middle to 12-N.Collins to JAX 15 for 22 yards (30-M.Brown).,pass,3.0,647.0,1547.0,7.0,13.0,HOU,JAX,2023,12,REG,3.0,1.0,37.0,HOU,0.38349688053131104,0.32262754440307617,0.443223237991333
2023_12_JAX_HOU,2437.0,Timeout #1 by HOU at 10:05.,no_play,3.0,605.0,1505.0,7.0,13.0,HOU,JAX,2023,12,REG,,0.0,,,0.443223237991333,0.37321996688842773,
2023_12_JAX_HOU,2425.0,(10:05) (Shotgun) 26-D.Singletary left tackle pushed ob at JAX 1 for 14 yards (23-F.Oluokun).,run,3.0,605.0,1505.0,7.0,13.0,HOU,JAX,2023,12,REG,1.0,10.0,15.0,HOU,0.443223237991333,0.37321996688842773,0.5137283205986023
2023_12_JAX_HOU,2454.0,(9:27) 78-L.Tunsil reported in as eligible. 26-D.Singletary right tackle to JAX 3 for -2 yards (94-F.Fatukasi).,run,3.0,567.0,1467.0,7.0,13.0,HOU,JAX,2023,12,REG,1.0,1.0,1.0,HOU,0.5137283205986023,0.44556984305381775,0.48453259468078613
2023_12_JAX_HOU,2478.0,(8:51) 26-D.Singletary right tackle to JAX 1 for 2 yards (5-A.Cisco; 96-A.Gotsis).,run,3.0,531.0,1431.0,7.0,13.0,HOU,JAX,2023,12,REG,2.0,3.0,3.0,HOU,0.48453259468078613,0.4012070894241333,0.4764364957809448
2023_12_JAX_HOU,2500.0,"(8:16) 7-C.Stroud scrambles right end for 1 yard, TOUCHDOWN.",run,3.0,496.0,1396.0,13.0,13.0,HOU,JAX,2023,12,REG,3.0,1.0,1.0,HOU,0.4764364957809448,0.3814055323600769,0.5472541149840865
2023_12_JAX_HOU,2518.0,"16-M.Ammendola extra point is GOOD, Center-46-J.Weeks, Holder-11-C.Johnston.",extra_point,3.0,490.0,1390.0,14.0,13.0,HOU,JAX,2023,12,REG,,0.0,15.0,HOU,0.5472541149840865,0.4546187071493941,0.5484418570995331
2023_12_JAX_HOU,2533.0,"16-M.Ammendola kicks 65 yards from HOU 35 to end zone, Touchback.",kickoff,3.0,490.0,1390.0,14.0,13.0,HOU,JAX,2023,12,REG,,0.0,35.0,JAX,0.5484418570995331,0.4580230712890625,0.5484418570995331
2023_12_JAX_HOU,2556.0,(8:10) 16-T.Lawrence pass deep right to 0-C.Ridley ran ob at HOU 30 for 45 yards (21-S.Nelson).,pass,3.0,490.0,1390.0,14.0,13.0,HOU,JAX,2023,12,REG,1.0,10.0,75.0,JAX,0.5484418570995331,0.4580230712890625,0.43475425243377686
2023_12_JAX_HOU,2586.0,"(7:33) (Shotgun) 1-T.Etienne up the middle to HOU 30 for no gain (93-K.Hinish, 5-J.Pitre).",run,3.0,453.0,1353.0,14.0,13.0,HOU,JAX,2023,12,REG,1.0,10.0,30.0,JAX,0.43475425243377686,0.3339694142341614,0.4512866139411926
2023_12_JAX_HOU,2608.0,(6:53) (Shotgun) 16-T.Lawrence pass short left to 17-E.Engram to HOU 23 for 7 yards (5-J.Pitre).,pass,3.0,413.0,1313.0,14.0,13.0,HOU,JAX,2023,12,REG,2.0,10.0,30.0,JAX,0.4512866139411926,0.35281795263290405,0.42733192443847656
2023_12_JAX_HOU,2633.0,"(6:14) (Shotgun) 16-T.Lawrence pass incomplete deep right to 17-E.Engram. PENALTY on HOU-4-T.Thomas, Defensive Pass Interference, 15 yards, enforced at HOU 23 - No Play.",no_play,3.0,374.0,1274.0,14.0,13.0,HOU,JAX,2023,12,REG,3.0,3.0,23.0,JAX,0.42733192443847656,0.33729439973831177,0.37759190797805786
2023_12_JAX_HOU,2667.0,"(6:10) 1-T.Etienne left tackle to HOU 5 for 3 yards (39-H.To'oTo'o, 5-J.Pitre).",run,3.0,370.0,1270.0,14.0,13.0,HOU,JAX,2023,12,REG,1.0,8.0,8.0,JAX,0.37759190797805786,0.2756296992301941,0.3765116333961487
2023_12_JAX_HOU,2689.0,(5:29) (Shotgun) 16-T.Lawrence pass incomplete short middle to 17-E.Engram.,pass,3.0,329.0,1229.0,14.0,13.0,HOU,JAX,2023,12,REG,2.0,5.0,5.0,JAX,0.3765116333961487,0.29188764095306396,0.4001538157463074
2023_12_JAX_HOU,2712.0,"(5:24) (Shotgun) 16-T.Lawrence pass incomplete short right to 13-C.Kirk. PENALTY on HOU-4-T.Thomas, Defensive Pass Interference, 4 yards, enforced at HOU 5 - No Play.",no_play,3.0,324.0,1224.0,14.0,13.0,HOU,JAX,2023,12,REG,3.0,5.0,5.0,JAX,0.4001538157463074,0.30833154916763306,0.3363099694252014
2023_12_JAX_HOU,2746.0,(5:19) (Shotgun) 1-T.Etienne up the middle to HOU 1 for no gain (53-B.Cashman).,run,3.0,319.0,1219.0,14.0,13.0,HOU,JAX,2023,12,REG,1.0,1.0,1.0,JAX,0.3363099694252014,0.24485361576080322,0.3430718183517456
2023_12_JAX_HOU,2768.0,(4:39) 16-T.Lawrence pass incomplete short right to 89-L.Farrell (30-D.Houston-Carson).,pass,3.0,279.0,1179.0,14.0,13.0,HOU,JAX,2023,12,REG,2.0,1.0,1.0,JAX,0.3430718183517456,0.2500804662704468,0.3700332045555115
2023_12_JAX_HOU,2791.0,"(4:34) (Shotgun) 16-T.Lawrence pass short middle to 0-C.Ridley for 1 yard, TOUCHDOWN.",pass,3.0,274.0,1174.0,14.0,19.0,HOU,JAX,2023,12,REG,3.0,1.0,1.0,JAX,0.3700332045555115,0.2777009606361389,0.2999003502428532
2023_12_JAX_HOU,2812.0,TWO-POINT CONVERSION ATTEMPT. 16-T.Lawrence pass to 0-C.Ridley is complete. ATTEMPT SUCCEEDS.,pass,3.0,269.0,1169.0,14.0,21.0,HOU,JAX,2023,12,REG,,0.0,2.0,JAX,0.2999003502428532,0.2497425061613321,0.27404946088790894
2023_12_JAX_HOU,2825.0,"10-B.McManus kicks 65 yards from JAX 35 to end zone, Touchback.",kickoff,3.0,269.0,1169.0,14.0,21.0,HOU,JAX,2023,12,REG,,0.0,35.0,HOU,0.27404946088790894,0.21529030799865723,0.27404946088790894
2023_12_JAX_HOU,2848.0,(4:29) 7-C.Stroud pass deep middle to 12-N.Collins to HOU 49 for 24 yards (5-A.Cisco; 2-R.Jenkins).,pass,3.0,269.0,1169.0,14.0,21.0,HOU,JAX,2023,12,REG,1.0,10.0,75.0,HOU,0.27404946088790894,0.21529030799865723,0.2937316298484802
2023_12_JAX_HOU,2873.0,(3:52) 31-D.Pierce left guard to JAX 47 for 4 yards (2-R.Jenkins).,run,3.0,232.0,1132.0,14.0,21.0,HOU,JAX,2023,12,REG,1.0,10.0,51.0,HOU,0.2937316298484802,0.25603505969047546,0.29323938488960266
2023_12_JAX_HOU,2895.0,(3:19) (Shotgun) 7-C.Stroud pass incomplete short right to 8-J.Metchie.,pass,3.0,199.0,1099.0,14.0,21.0,HOU,JAX,2023,12,REG,2.0,6.0,47.0,HOU,0.29323938488960266,0.23991291224956512,0.2751980125904083
2023_12_JAX_HOU,2918.0,(3:14) (Shotgun) 7-C.Stroud sacked at HOU 41 for -12 yards (41-J.Allen).,pass,3.0,194.0,1094.0,14.0,21.0,HOU,JAX,2023,12,REG,3.0,6.0,47.0,HOU,0.2751980125904083,0.21487103402614594,0.2038794755935669
2023_12_JAX_HOU,2938.0,"(2:41) 11-C.Johnston punts 48 yards to JAX 11, Center-46-J.Weeks, fair catch by 11-P.Washington.",punt,3.0,161.0,1061.0,14.0,21.0,HOU,JAX,2023,12,REG,4.0,18.0,59.0,HOU,0.2038794755935669,0.1541965752840042,0.24392664432525635
2023_12_JAX_HOU,2958.0,(2:33) 1-T.Etienne left end to JAX 10 for -1 yards (48-C.Harris).,run,3.0,153.0,1053.0,14.0,21.0,HOU,JAX,2023,12,REG,1.0,10.0,89.0,JAX,0.24392664432525635,0.19524753093719482,0.24958062171936035
2023_12_JAX_HOU,2987.0,(1:54) (Shotgun) 16-T.Lawrence pass short middle to 1-T.Etienne to JAX 14 for 4 yards (53-B.Cashman).,pass,3.0,114.0,1014.0,14.0,21.0,HOU,JAX,2023,12,REG,2.0,11.0,90.0,JAX,0.24958062171936035,0.20878130197525024,0.2543655037879944
2023_12_JAX_HOU,3012.0,"(1:13) (Shotgun) 16-T.Lawrence pass incomplete short left to 0-C.Ridley [53-B.Cashman]. PENALTY on HOU-21-S.Nelson, Defensive Holding, 5 yards, enforced at JAX 14 - No Play.",no_play,3.0,73.0,973.0,14.0,21.0,HOU,JAX,2023,12,REG,3.0,7.0,86.0,JAX,0.2543655037879944,0.2025279998779297,0.21350032091140747
2023_12_JAX_HOU,3046.0,(1:08) 16-T.Lawrence pass short left to 1-T.Etienne pushed ob at JAX 31 for 12 yards (56-K.Hyder).,pass,3.0,68.0,968.0,14.0,21.0,HOU,JAX,2023,12,REG,1.0,10.0,81.0,JAX,0.21350032091140747,0.18251687288284302,0.19936919212341309
2023_12_JAX_HOU,3071.0,(:29) 16-T.Lawrence pass deep right to 0-C.Ridley to JAX 49 for 18 yards (5-J.Pitre).,pass,3.0,29.0,929.0,14.0,21.0,HOU,JAX,2023,12,REG,1.0,10.0,69.0,JAX,0.19936919212341309,0.16304880380630493,0.1682060956954956
2023_12_JAX_HOU,3096.0,END QUARTER 3,,3.0,0.0,900.0,14.0,21.0,HOU,JAX,2023,12,REG,,0.0,,JAX,0.1682060956954956,0.1375483274459839,0.1682060956954956
2023_12_JAX_HOU,3116.0,(15:00) (Shotgun) 16-T.Lawrence pass short right to 17-E.Engram to HOU 43 for 8 yards (53-B.Cashman).,pass,4.0,900.0,900.0,14.0,21.0,HOU,JAX,2023,12,REG,1.0,10.0,51.0,JAX,0.1682060956954956,0.1375483274459839,0.17048585414886475
2023_12_JAX_HOU,3141.0,(14:27) (Shotgun) 25-D.Johnson right end to HOU 39 for 4 yards (48-C.Harris).,run,4.0,867.0,867.0,14.0,21.0,HOU,JAX,2023,12,REG,2.0,2.0,43.0,JAX,0.17048585414886475,0.1219448447227478,0.14450275897979736
2023_12_JAX_HOU,3163.0,"(13:51) (Shotgun) 25-D.Johnson left tackle to HOU 35 for 4 yards (4-T.Thomas; 53-B.Cashman). PENALTY on JAX-72-W.Little, Offensive Holding, 10 yards, enforced at HOU 39 - No Play.",no_play,4.0,831.0,831.0,14.0,21.0,HOU,JAX,2023,12,REG,1.0,10.0,39.0,JAX,0.14450275897979736,0.10909163951873779,0.15642482042312622
2023_12_JAX_HOU,3196.0,"(13:27) (Shotgun) 16-T.Lawrence pass short left to 89-L.Farrell to HOU 43 for 6 yards (4-T.Thomas, 96-M.Collins).",pass,4.0,807.0,807.0,14.0,21.0,HOU,JAX,2023,12,REG,1.0,20.0,49.0,JAX,0.15642482042312622,0.1308392882347107,0.16808319091796875
2023_12_JAX_HOU,3221.0,(12:47) (Shotgun) 16-T.Lawrence pass short right to 17-E.Engram to HOU 36 for 7 yards (4-T.Thomas; 48-C.Harris). HOU-53-B.Cashman was injured during the play.,pass,4.0,767.0,767.0,14.0,21.0,HOU,JAX,2023,12,REG,2.0,14.0,43.0,JAX,0.16808319091796875,0.13013595342636108,0.14105361700057983
2023_12_JAX_HOU,3249.0,"(12:15) (Shotgun) 16-T.Lawrence pass short middle to 17-E.Engram to HOU 30 for 6 yards (5-J.Pitre, 48-C.Harris).",pass,4.0,735.0,735.0,14.0,21.0,HOU,JAX,2023,12,REG,3.0,7.0,36.0,JAX,0.14105361700057983,0.11686325073242188,0.1406252384185791
2023_12_JAX_HOU,3274.0,"(11:38) 16-T.Lawrence up the middle to HOU 28 for 2 yards (42-C.Littleton). PENALTY on JAX, Illegal Formation, 5 yards, enforced at HOU 30 - No Play.",no_play,4.0,698.0,698.0,14.0,21.0,HOU,JAX,2023,12,REG,4.0,1.0,30.0,JAX,0.1406252384185791,0.12082570791244507,0.1651713252067566
2023_12_JAX_HOU,3307.0,"(11:25) 10-B.McManus 53 yard field goal is GOOD, Center-46-R.Matiscik, Holder-9-L.Cooke.",field_goal,4.0,685.0,685.0,14.0,24.0,HOU,JAX,2023,12,REG,4.0,6.0,35.0,JAX,0.1651713252067566,0.13811391592025757,0.1432260125875473
2023_12_JAX_HOU,3327.0,"10-B.McManus kicks 65 yards from JAX 35 to end zone, Touchback.",kickoff,4.0,680.0,680.0,14.0,24.0,HOU,JAX,2023,12,REG,,0.0,35.0,HOU,0.1432260125875473,0.10650394856929779,0.1432260125875473
2023_12_JAX_HOU,3350.0,(11:20) 3-T.Dell right end to HOU 37 for 12 yards (2-R.Jenkins).,run,4.0,680.0,680.0,14.0,24.0,HOU,JAX,2023,12,REG,1.0,10.0,75.0,HOU,0.1432260125875473,0.10650394856929779,0.16607405245304108
2023_12_JAX_HOU,3372.0,(10:44) (Shotgun) 7-C.Stroud pass short left to 8-J.Metchie to HOU 43 for 6 yards (41-J.Allen).,pass,4.0,644.0,644.0,14.0,24.0,HOU,JAX,2023,12,REG,1.0,10.0,63.0,HOU,0.16607405245304108,0.11888549476861954,0.13836267590522766
2023_12_JAX_HOU,3397.0,(10:11) 26-D.Singletary left end to HOU 46 for 3 yards (23-F.Oluokun).,run,4.0,611.0,611.0,14.0,24.0,HOU,JAX,2023,12,REG,2.0,4.0,57.0,HOU,0.13836267590522766,0.1152772605419159,0.13862310349941254
2023_12_JAX_HOU,3419.0,(9:29) (Shotgun) 7-C.Stroud pass incomplete deep right to 12-N.Collins.,pass,4.0,569.0,569.0,14.0,24.0,HOU,JAX,2023,12,REG,3.0,1.0,54.0,HOU,0.13862310349941254,0.11319813132286072,0.08751571178436279
2023_12_JAX_HOU,3442.0,(9:22) (Shotgun) 7-C.Stroud pass incomplete deep left to 86-D.Schultz.,pass,4.0,562.0,562.0,14.0,24.0,HOU,JAX,2023,12,REG,4.0,1.0,54.0,HOU,0.08751571178436279,0.07517892122268677,0.051222145557403564
2023_12_JAX_HOU,3465.0,(9:15) (Shotgun) 1-T.Etienne left end to HOU 37 for 9 yards (39-H.To'oTo'o).,run,4.0,555.0,555.0,14.0,24.0,HOU,JAX,2023,12,REG,1.0,10.0,46.0,JAX,0.051222145557403564,0.04462575912475586,0.046316564083099365
2023_12_JAX_HOU,3494.0,(8:39) 1-T.Etienne left guard to HOU 34 for 3 yards (51-W.Anderson; 94-K.Davis).,run,4.0,519.0,519.0,14.0,24.0,HOU,JAX,2023,12,REG,2.0,1.0,37.0,JAX,0.046316564083099365,0.034540772438049316,0.04295623302459717
2023_12_JAX_HOU,3516.0,(8:01) (Shotgun) 16-T.Lawrence pass incomplete deep right to 13-C.Kirk.,pass,4.0,481.0,481.0,14.0,24.0,HOU,JAX,2023,12,REG,1.0,10.0,34.0,JAX,0.04295623302459717,0.030054450035095215,0.05216103792190552
2023_12_JAX_HOU,3539.0,(7:55) (Shotgun) 25-D.Johnson right guard to HOU 37 for -3 yards (56-K.Hyder).,run,4.0,475.0,475.0,14.0,24.0,HOU,JAX,2023,12,REG,2.0,10.0,34.0,JAX,0.05216103792190552,0.038020551204681396,0.05204695463180542
2023_12_JAX_HOU,3561.0,(7:15) (Shotgun) 16-T.Lawrence pass incomplete short left to 25-D.Johnson.,pass,4.0,435.0,435.0,14.0,24.0,HOU,JAX,2023,12,REG,3.0,13.0,37.0,JAX,0.05204695463180542,0.03893464803695679,0.06549066305160522
2023_12_JAX_HOU,3584.0,"(7:10) 10-B.McManus 55 yard field goal is No Good, Wide Right, Center-46-R.Matiscik, Holder-9-L.Cooke.",field_goal,4.0,430.0,430.0,14.0,24.0,HOU,JAX,2023,12,REG,4.0,13.0,37.0,JAX,0.06549066305160522,0.048403382301330566,0.09756814688444138
2023_12_JAX_HOU,3605.0,(7:05) (Shotgun) 7-C.Stroud pass incomplete short right to 2-R.Woods (2-R.Jenkins).,pass,4.0,425.0,425.0,14.0,24.0,HOU,JAX,2023,12,REG,1.0,10.0,55.0,HOU,0.09756814688444138,0.09326565265655518,0.08413606137037277
2023_12_JAX_HOU,3635.0,(6:57) (Shotgun) 7-C.Stroud pass deep middle to 19-X.Hutchinson to JAX 21 for 34 yards (2-R.Jenkins).,pass,4.0,417.0,417.0,14.0,24.0,HOU,JAX,2023,12,REG,2.0,10.0,55.0,HOU,0.08413606137037277,0.08258914947509766,0.16963531076908112
2023_12_JAX_HOU,3660.0,"(6:31) (No Huddle, Shotgun) 7-C.Stroud pass short right to 31-D.Pierce pushed ob at JAX 17 for 4 yards (33-D.Lloyd).",pass,4.0,391.0,391.0,14.0,24.0,HOU,JAX,2023,12,REG,1.0,10.0,21.0,HOU,0.16963531076908112,0.12525491416454315,0.1598454862833023
2023_12_JAX_HOU,3685.0,(5:48) (Shotgun) 7-C.Stroud pass short left to 26-D.Singletary to JAX 17 for no gain (37-T.Herndon).,pass,4.0,348.0,348.0,14.0,24.0,HOU,JAX,2023,12,REG,2.0,6.0,17.0,HOU,0.1598454862833023,0.11929359287023544,0.12934239208698273
2023_12_JAX_HOU,3710.0,"(5:22) (No Huddle, Shotgun) 7-C.Stroud pass short middle to 12-N.Collins for 17 yards, TOUCHDOWN.",pass,4.0,322.0,322.0,20.0,24.0,HOU,JAX,2023,12,REG,3.0,6.0,17.0,HOU,0.12934239208698273,0.10049077123403549,0.2601531169027397
2023_12_JAX_HOU,3731.0,"16-M.Ammendola extra point is GOOD, Center-46-J.Weeks, Holder-11-C.Johnston.",extra_point,4.0,315.0,315.0,21.0,24.0,HOU,JAX,2023,12,REG,,0.0,15.0,HOU,0.2601531169027397,0.20611997442870844,0.26171422004699707
2023_12_JAX_HOU,3746.0,"16-M.Ammendola kicks 65 yards from HOU 35 to end zone, Touchback.",kickoff,4.0,315.0,315.0,21.0,24.0,HOU,JAX,2023,12,REG,,0.0,35.0,JAX,0.26171422004699707,0.20770275592803955,0.26171422004699707
2023_12_JAX_HOU,3762.0,(5:15) (Shotgun) 16-T.Lawrence pass short right to 13-C.Kirk pushed ob at JAX 31 for 6 yards (48-C.Harris).,pass,4.0,315.0,315.0,21.0,24.0,HOU,JAX,2023,12,REG,1.0,10.0,75.0,JAX,0.26171422004699707,0.20770275592803955,0.25859534740448
2023_12_JAX_HOU,3787.0,(4:44) (Shotgun) 1-T.Etienne left guard to HOU 49 for 20 yards (21-S.Nelson).,run,4.0,284.0,284.0,21.0,24.0,HOU,JAX,2023,12,REG,2.0,4.0,69.0,JAX,0.25859534740448,0.19160258769989014,0.18375855684280396
2023_12_JAX_HOU,3809.0,(3:59) 1-T.Etienne left end to HOU 46 for 3 yards (48-C.Harris).,run,4.0,239.0,239.0,21.0,24.0,HOU,JAX,2023,12,REG,1.0,10.0,49.0,JAX,0.18375855684280396,0.16762864589691162,0.19239574670791626
2023_12_JAX_HOU,3831.0,(3:17) 16-T.Lawrence pass incomplete short right to 89-L.Farrell (21-S.Nelson).,pass,4.0,197.0,197.0,21.0,24.0,HOU,JAX,2023,12,REG,2.0,7.0,46.0,JAX,0.19239574670791626,0.16143065690994263,0.2349259853363037
2023_12_JAX_HOU,3866.0,Timeout #1 by JAX at 03:13.,no_play,4.0,193.0,193.0,21.0,24.0,HOU,JAX,2023,12,REG,,0.0,,,0.2349259853363037,0.19144433736801147,
2023_12_JAX_HOU,3854.0,(3:13) (Shotgun) 16-T.Lawrence pass incomplete deep right to 7-Z.Jones (24-D.Stingley).,pass,4.0,193.0,193.0,21.0,24.0,HOU,JAX,2023,12,REG,3.0,7.0,46.0,JAX,0.2349259853363037,0.19144433736801147,0.29796046018600464
2023_12_JAX_HOU,3900.0,Timeout #2 by HOU at 03:07.,no_play,4.0,187.0,187.0,21.0,24.0,HOU,JAX,2023,12,REG,,0.0,,,0.29796046018600464,0.26186567544937134,
2023_12_JAX_HOU,3884.0,"(3:07) 9-L.Cooke punts 35 yards to HOU 11, Center-46-R.Matiscik, fair catch by 82-S.Sims.",punt,4.0,187.0,187.0,21.0,24.0,HOU,JAX,2023,12,REG,4.0,7.0,46.0,JAX,0.29796046018600464,0.26186567544937134,0.32445478439331055
2023_12_JAX_HOU,3911.0,"(3:01) (Shotgun) 7-C.Stroud scrambles left end to HOU 27 for 16 yards (23-F.Oluokun). PENALTY on JAX-37-T.Herndon, Defensive Holding, 5 yards, enforced at HOU 27.",run,4.0,181.0,181.0,21.0,24.0,HOU,JAX,2023,12,REG,1.0,10.0,89.0,HOU,0.32445478439331055,0.24771316349506378,0.38163211941719055
2023_12_JAX_HOU,3944.0,(2:54) (Shotgun) 7-C.Stroud pass incomplete short right to 9-B.Jordan (99-J.Ledbetter).,pass,4.0,174.0,174.0,21.0,24.0,HOU,JAX,2023,12,REG,1.0,10.0,68.0,HOU,0.38163211941719055,0.2865420877933502,0.3466368019580841
2023_12_JAX_HOU,3967.0,(2:50) (Shotgun) 7-C.Stroud pass short right to 26-D.Singletary to HOU 38 for 6 yards (33-D.Lloyd).,pass,4.0,170.0,170.0,21.0,24.0,HOU,JAX,2023,12,REG,2.0,10.0,68.0,HOU,0.3466368019580841,0.27676454186439514,0.3496912717819214
2023_12_JAX_HOU,3992.0,"(2:30) (No Huddle, Shotgun) 7-C.Stroud pass short right to 9-B.Jordan pushed ob at HOU 47 for 9 yards (2-R.Jenkins).",pass,4.0,150.0,150.0,21.0,24.0,HOU,JAX,2023,12,REG,3.0,4.0,62.0,HOU,0.3496912717819214,0.2723924517631531,0.4359642565250397
2023_12_JAX_HOU,4017.0,(2:24) (Shotgun) 7-C.Stroud sacked at HOU 32 for -15 yards (41-J.Allen).,pass,4.0,144.0,144.0,21.0,24.0,HOU,JAX,2023,12,REG,1.0,10.0,53.0,HOU,0.4359642565250397,0.36835843324661255,0.3234310746192932
2023_12_JAX_HOU,4037.0,(2:00) (Shotgun) 7-C.Stroud pass deep right to 12-N.Collins to HOU 49 for 17 yards (37-T.Herndon).,pass,4.0,120.0,120.0,21.0,24.0,HOU,JAX,2023,12,REG,2.0,25.0,68.0,HOU,0.3234310746192932,0.2767588794231415,0.30810362100601196
2023_12_JAX_HOU,4069.0,"(1:40) (No Huddle, Shotgun) 7-C.Stroud pass short middle to 2-R.Woods to JAX 37 for 14 yards (37-T.Herndon).",pass,4.0,100.0,100.0,21.0,24.0,HOU,JAX,2023,12,REG,3.0,8.0,51.0,HOU,0.30810362100601196,0.2779635190963745,0.5033027529716492
2023_12_JAX_HOU,4094.0,"(1:18) (No Huddle, Shotgun) 7-C.Stroud sacked at JAX 46 for -9 yards (sack split by 41-J.Allen and 44-T.Walker).",pass,4.0,78.0,78.0,21.0,24.0,HOU,JAX,2023,12,REG,1.0,10.0,37.0,HOU,0.5033027529716492,0.45977500081062317,0.3390011787414551
2023_12_JAX_HOU,4126.0,Timeout #3 by HOU at 01:10.,no_play,4.0,70.0,70.0,21.0,24.0,HOU,JAX,2023,12,REG,,0.0,,,0.3390011787414551,0.24527502059936523,
2023_12_JAX_HOU,4114.0,(1:10) (Shotgun) 7-C.Stroud pass short middle to 12-N.Collins to JAX 39 for 7 yards (23-F.Oluokun).,pass,4.0,70.0,70.0,21.0,24.0,HOU,JAX,2023,12,REG,2.0,19.0,46.0,HOU,0.3390011787414551,0.24527502059936523,0.30581942200660706
2023_12_JAX_HOU,4146.0,"(:47) (No Huddle, Shotgun) 7-C.Stroud pass incomplete short left to 26-D.Singletary [45-K.Chaisson].",pass,4.0,47.0,47.0,21.0,24.0,HOU,JAX,2023,12,REG,3.0,12.0,39.0,HOU,0.30581942200660706,0.2656767964363098,0.21148674190044403
2023_12_JAX_HOU,4187.0,Timeout #2 by JAX at 00:34.,no_play,4.0,34.0,34.0,21.0,24.0,HOU,JAX,2023,12,REG,,0.0,,,0.21148674190044403,0.20891205966472626,
2023_12_JAX_HOU,4169.0,"(:34) 16-M.Ammendola 58 yard field goal is No Good, Hit Crossbar, Center-46-J.Weeks, Holder-11-C.Johnston.",field_goal,4.0,34.0,34.0,21.0,24.0,HOU,JAX,2023,12,REG,4.0,12.0,39.0,HOU,0.21148674190044403,0.20891205966472626,0.039652466773986816
2023_12_JAX_HOU,4197.0,(:29) 16-T.Lawrence kneels to JAX 47 for -1 yards.,qb_kneel,4.0,29.0,29.0,21.0,24.0,HOU,JAX,2023,12,REG,1.0,10.0,52.0,JAX,0.039652466773986816,0.027599453926086426,
2023_12_JAX_HOU,4219.0,END GAME,,4.0,0.0,0.0,21.0,24.0,HOU,JAX,2023,12,REG,,0.0,,JAX,0.0,0.0,
